2;Wojtek;Kowalski;wojtekkowalski@wp.pl;Hetmańska 4;Rzeszów;Wkowalski123;0
3;Karol;Nowak;knowak@gmail.com;Podwisłocze 13; Rzeszów;Knowak123;0
4;Kacper;Wiśniewski;kwisniewski@op.pl;Biecka 13;Kraków;Kwisniewski123;0
5;Matylda;Jaworska;mjaworska@gmail.com;Cicha 7;Wrocław;Mjaworska123;0
6;Julia;Wójcik;jwojcik@op.pl;Szkolna 7;Lublin;Jwojcik123;0
7;Anna;Kowalczyk;akowalczyk@gmail.com;Aleja Niepodległości 10;Warszawa;Akowalczyk123;0
8;Piotr;Lewandowski;plewandowski@onet.pl;Olszańska 5;Kraków;Plewandowski123;0
9;Alicja;Zielińska;azielinska@wp.pl;Kwiatowa 2;Gdańsk;Azielinska123;0
10;Michał;Witkowski;mwitkowski@gmail.com;Słoneczna 9;Poznań;Mwitkowski123;0
11;Katarzyna;Jankowska;kjankowska@op.pl;Wolności 15;Szczecin;Kjankowska123;0
12;Bartosz;Nowicki;bnowicki@gmail.com;Piastowska 3;Łódź;Bnowicki123;0
13;Magdalena;Kamińska;mkaminska@wp.pl;Długa 12;Katowice;Mkaminska123;0
14;Tomasz;Wolski;twolski@gmail.com;Mickiewicza 8;Gdynia;Twolski123;0
15;Natalia;Kaczmarek;nkaczmarek@op.pl;Kwiatkowskiego 6;Wrocław;Nkaczmarek123;0
16;Mikołaj;Grabowski;mgrabowski@gmail.com;Kościuszki 17;Lublin;Mgrabowski123;0
17;Oliwia;Dąbrowska;odabrowska@wp.pl;Miodowa 1;Kraków;Odabrowska123;0
18;Maciej;Pawlak;mpawlak@gmail.com;Warszawska 20;Gdańsk;Mpawlak123;0
19;Zuzanna;Michalska;zmichalska@op.pl;Sikorskiego 11;Warszawa;Zmichalska123;0
20;Jakub;Jasiński;jjasinski@gmail.com;Mickiewicza 4;Poznań;Jjasinski123;0
21;Wiktoria;Sikora;wsikora@wp.pl;Słoneczna 7;Łódź;Wsikora123;0
22;Kamil;Kowalczyk;kkowalczyk@gmail.com;Grunwaldzka 9;Szczecin;Kkowalczyk123;0
23;Hanna;Szymańska;hszymanska@op.pl;Krakowska 14;Katowice;Hszymanska123;0
24;Filip;Woźniak;fwozniak@wp.pl;Długa 5;Gdynia;Fwozniak123;0
25;Adrianna;Kowalska;akowalska@gmail.com;Kościuszki 3;Wrocław;Akowalska123;0

